{"schemaVersion":"1.0","appDefinitionTemplate":{"id":"/providers/Microsoft.PowerApps/apps/","type":"Microsoft.PowerApps/apps","tags":{"primaryDeviceWidth":"640","primaryDeviceHeight":"1136","sienaVersion":"20210824T195123Z-3.21083.25.0","deviceCapabilities":"","supportsPortrait":"true","supportsLandscape":"true","primaryFormFactor":"Phone","publisherVersion":"3.21083.25","minimumRequiredApiVersion":"2.2.0","hasComponent":"false","hasUnlockedComponent":"false","isUnifiedRootApp":"false"},"properties":{"appVersion":"2021-08-24T19:51:23Z","lifeCycleId":"Published","createdByClientVersion":{"major":3,"minor":21083,"build":25,"revision":0,"majorRevision":0,"minorRevision":0},"minClientVersion":{"major":3,"minor":21083,"build":25,"revision":0,"majorRevision":0,"minorRevision":0},"backgroundColor":"rgba(0, 176, 240, 1)","backgroundImageUri":"/7626990459856312500/Nb6de6ffb-898d-4937-9ed0-40fa360f604d-logoSmallFile","displayName":"Barcode Scanner","description":"","commitMessage":"","appUris":{"documentUri":{"value":"/7626990459856312500/Ne9b3a802-5ec6-4648-85f4-a824c44549c2-document.msapp"},"imageUris":[]},"createdTime":"0001-01-01T00:00:00Z","lastModifiedTime":"0001-01-01T00:00:00Z","sharedGroupsCount":0,"sharedUsersCount":0,"icons":{"smallIconUri":"/7626990459856312500/N90e23808-1a6e-4088-8ad1-ba5d25c74dd4-small.png","mediumIconUri":"/7626990459856312500/Na4614e9e-2415-4d14-87b2-fc375201d02a-medium.png","largeIconUri":"/7626990459856312500/N5c1b5158-0e74-4b65-9741-849b51dd2702-large.png","wideIconUri":"/7626990459856312500/N4a4c10ac-a4f2-4f9c-8224-60ee22c62fe4-wide.png"},"connectionReferences":{},"databaseReferences":{"default.cds":{"databaseDetails":{"referenceType":"NotSpecified","environmentName":"default.cds","overrideValues":{"status":"NotSpecified"}},"dataSources":{"Barcode Generator":{"entitySetName":"demo_barcodegenerators","logicalName":"demo_barcodegenerator"}},"actions":["providers/PowerPlatform.Governance/Operations/Read","providers/PowerPlatform.Governance/Operations/Write","providers/PowerPlatform.Governance/Operations/Delete"]}},"almMode":"Environment","performanceOptimizationEnabled":true,"canConsumeAppPass":true,"executionRestrictions":{"isTeamsOnly":false,"dataLossPreventionEvaluationResult":{"status":"Compliant","lastEvaluationDate":"2021-08-24T19:51:40.7837217Z","violations":[],"violationsByPolicy":[],"violationErrorMessage":"The app uses the following connectors: shared_commondataservice."}}},"appType":"ClassicCanvasApp","appComponents":[]}}